Length,SED,MinSED,LED,MaxLED,Sweep,CompSweep,Vol
4704,348,338,375,407,2.0643413925221297,0.0,0.496
4674,366,334,373,407,1.3437248051599033,1.366120218579235,0.483
4675,345,335,377,408,2.520478890989288,0.5797101449275363,0.483
4700,358,337,394,429,2.1066758216035706,0.27932960893854747,0.534
4690,350,339,387,417,1.3061224489795917,1.4285714285714286,0.512
4660,349,340,405,418,3.0377418904606692,0.0,0.521
4684,354,337,368,417,2.553544639152223,0.2824858757062147,0.489
4684,350,341,453,466,1.2244897959183674,0.8571428571428572,0.586
4720,351,339,418,448,3.00322237644175,1.7094017094017095,0.498
4694,359,338,401,428,4.7330483158883,0.2785515320334262,0.535
4680,355,341,387,411,3.25332275342194,0.28169014084507044,0.515
4730,352,347,385,404,1.7755681818181819,0.0,0.494
4665,353,339,369,410,1.7655225545506346,0.28328611898017,0.481
4684,350,341,381,411,5.306122448979592,0.0,0.517
4720,350,345,393,400,2.693877551020408,7.428571428571429,0.522
4724,360,326,397,425,5.092592592592593,1.1111111111111112,0.475
4664,355,335,376,411,2.856576076175362,0.28169014084507044,0.512
4685,347,335,383,398,2.159307028544378,1.1527377521613833,0.499
4720,366,327,383,404,2.239541341933172,3.278688524590164,0.464
4689,345,338,391,410,4.536862003780719,0.2898550724637681,0.497
4680,351,344,446,463,2.7597178594329588,0.2849002849002849,0.575
4680,348,343,450,465,3.2203725723345227,0.5747126436781609,0.573
4669,349,345,404,414,2.2167305687145427,1.146131805157593,0.519
4685,344,337,374,408,2.112628447809627,2.3255813953488373,0.5
4705,345,340,390,398,2.2684310018903595,0.5797101449275363,0.509
4705,342,338,421,432,5.5572654833966,0.8771929824561403,0.486
4684,352,340,404,423,1.856275826446281,0.2840909090909091,0.508
4680,354,339,456,492,3.7505186887548274,5.649717514124294,0.598
4690,371,335,374,401,3.1240691363765154,0.5390835579514826,0.489
4710,358,338,406,465,5.383727099653569,0.5586592178770949,0.578
4685,350,339,377,397,1.7142857142857144,0.2857142857142857,0.498
4685,357,333,363,390,0.6277020612166435,1.1204481792717087,0.471
4689,351,345,384,402,2.8408860317692226,5.698005698005698,0.488
4699,355,339,393,413,2.697877405276731,3.0985915492957745,0.509
4680,350,343,401,455,5.714285714285714,1.4285714285714286,0.548
4689,347,333,391,401,2.989809731830677,1.1527377521613833,0.478
4684,352,335,390,410,0.8877840909090909,2.840909090909091,0.522
4700,347,338,392,402,2.823709191173417,0.8645533141210375,0.486
4660,351,335,367,406,1.8668679637340604,1.4245014245014245,0.481
4709,350,333,364,393,2.3673469387755097,0.0,0.464
4705,351,342,390,407,1.298690757380216,1.7094017094017095,0.505
4739,348,339,372,407,2.3946360153256703,1.1494252873563218,0.502
4689,353,335,386,419,3.531045109101269,1.13314447592068,0.495
4659,350,334,375,400,2.9387755102040813,4.0,0.49
4690,351,330,372,392,2.435045170087905,0.0,0.47
4650,380,340,384,412,4.224376731301939,0.7894736842105263,0.512
4651,343,339,379,397,2.2949621331248036,1.749271137026239,0.485
4690,355,344,387,410,3.0946240825233096,0.5633802816901409,0.522
4720,354,345,417,430,4.309106578569376,0.847457627118644,0.521
4684,355,346,377,396,3.3326720888712558,1.4084507042253522,0.493
4684,355,342,386,407,2.9359254116246776,1.1267605633802817,0.495
4690,357,335,400,438,4.001600640256102,0.5602240896358543,0.508
4719,352,334,408,442,3.2283057851239665,0.5681818181818182,0.513
4665,355,342,388,414,2.6185280698274154,1.1267605633802817,0.514
4730,352,337,384,401,2.0176911157024793,0.0,0.504
4665,367,321,397,441,3.266784963879753,1.6348773841961852,0.514
4709,351,339,386,414,1.7856997913977972,0.8547008547008548,0.512
4710,347,334,390,402,3.155910272487937,0.5763688760806917,0.479
4694,351,336,440,459,4.87009034017581,3.7037037037037033,0.57
4705,350,346,379,409,1.7142857142857144,0.0,0.507
4700,359,339,386,408,1.7845919879578835,1.1142061281337048,0.497
4685,358,339,367,384,2.886926125901189,0.0,0.466
4660,353,336,381,421,2.4075307562054107,0.56657223796034,0.505
4680,356,345,389,463,4.813154904683752,3.089887640449438,0.523
4705,343,340,379,394,1.4449761578933948,2.9154518950437316,0.498
4684,351,347,406,449,5.925276580547236,1.1396011396011396,0.554
4731,353,334,379,387,2.4075307562054107,1.9830028328611897,0.479
4680,352,339,438,467,3.793259297520661,0.5681818181818182,0.535
4689,364,347,375,392,3.2453809926337396,0.5494505494505495,0.482
4708,352,329,368,402,1.0491993801652892,0.8522727272727272,0.48
4680,345,336,424,466,2.436462927956312,0.0,0.544
4685,346,335,368,421,2.505930702662969,0.8670520231213872,0.481
4680,357,334,398,415,3.7662123672998615,0.5602240896358543,0.492
4710,353,342,377,390,1.6050205041369405,0.0,0.493
4715,353,344,388,446,1.6852715293437877,0.28328611898017,0.526
4720,351,343,379,394,1.2175225850439526,0.5698005698005698,0.495
4689,349,342,438,452,4.26925887307986,1.7191977077363898,0.528
4680,350,336,413,425,2.775510204081632,2.571428571428571,0.523
4685,352,344,386,426,2.2598140495867765,0.0,0.519
4684,357,342,393,410,1.412329637737448,0.5602240896358543,0.526
4689,350,333,386,400,0.6530612244897959,2.2857142857142856,0.484
4686,352,336,382,395,1.6141528925619832,0.0,0.479
4739,361,331,369,384,1.5346720789435315,0.554016620498615,0.48
4715,363,334,372,412,1.4419172946595937,0.5509641873278237,0.489
4660,358,338,387,426,1.7945756998845228,0.0,0.526
4724,351,341,372,396,2.5162133424241686,0.5698005698005698,0.503
4585,352,344,387,396,2.0983987603305785,0.8522727272727272,0.493
4555,359,336,419,467,3.258820151923092,0.8356545961002786,0.558
4615,348,340,399,435,5.449861276258422,0.28735632183908044,0.492
4566,353,345,383,408,1.6050205041369405,0.28328611898017,0.505
4570,343,340,368,376,1.1899803653239722,0.2915451895043732,0.462
4560,365,334,412,420,3.5278663914430477,0.821917808219178,0.473
4590,355,337,417,423,2.856576076175362,0.28169014084507044,0.513
4575,350,339,383,433,3.6734693877551017,2.2857142857142856,0.513
4594,350,341,381,397,1.4693877551020407,0.0,0.481
4549,345,340,368,393,3.0245746691871456,0.0,0.475
4570,344,340,383,405,1.2675770686857761,1.1627906976744187,0.49
4560,345,342,370,401,1.848351186725478,0.2898550724637681,0.478
4599,350,341,378,408,1.0612244897959184,0.2857142857142857,0.488
4594,354,343,387,403,2.154553289284688,0.0,0.511
4560,344,341,423,437,1.8591130340724717,0.5813953488372093,0.5
4535,351,342,405,415,6.087612925219762,0.5698005698005698,0.488
4550,352,337,385,400,1.7755681818181819,1.7045454545454544,0.475
4550,351,331,371,409,1.136354412707689,1.7094017094017095,0.47
4540,353,340,378,428,1.7655225545506346,3.1161473087818696,0.491
4564,350,338,369,397,3.183673469387755,0.5714285714285714,0.469
4579,344,343,407,420,2.281638723634397,0.0,0.509
4590,346,337,374,413,2.3388686558187715,0.0,0.498
4615,350,341,382,416,0.7346938775510203,1.1428571428571428,0.498
4590,351,337,369,398,3.084390548778013,0.8547008547008548,0.468
4594,349,339,372,419,1.2315169826191903,1.7191977077363898,0.495
4591,348,337,370,396,0.9083102127097372,0.28735632183908044,0.477
4619,353,345,432,466,2.889036907446492,0.56657223796034,0.519
4615,366,333,377,414,0.8958165367732689,1.366120218579235,0.48
4590,349,339,379,393,2.2167305687145427,0.5730659025787965,0.494
4564,351,339,395,428,3.165558721114277,1.4245014245014245,0.498
4605,348,338,394,431,1.8991940811203594,0.5747126436781609,0.515
4590,348,340,383,413,1.5688994583168188,0.28735632183908044,0.492
4590,358,341,405,435,2.4968009737523795,0.5586592178770949,0.516
4590,348,341,388,402,2.972651605231867,0.5747126436781609,0.491
4590,349,331,372,386,0.9031124539207396,0.0,0.457
4589,358,332,372,395,2.184700852033332,0.0,0.464
4565,349,336,400,408,1.9704271721907047,2.5787965616045847,0.489
4560,364,324,381,410,2.641589180050719,1.098901098901099,0.47
4569,349,335,397,410,1.8062249078414792,1.146131805157593,0.479
4530,349,346,373,400,4.105056608730635,0.5730659025787965,0.479
4560,350,349,430,453,4.163265306122449,0.5714285714285714,0.544
4590,354,335,358,387,1.1969740496026045,0.0,0.447
4554,346,339,372,392,2.923585819773464,0.2890173410404624,0.468
4590,358,341,384,416,4.5254517649261885,0.27932960893854747,0.515
4560,361,339,387,408,5.448085880249538,0.554016620498615,0.481
4590,357,337,370,385,3.2169730637352982,1.680672268907563,0.464
4554,345,344,383,406,3.1085906322201216,0.2898550724637681,0.486
4540,354,331,382,403,2.314149829231702,1.4124293785310735,0.486
4590,373,327,373,391,1.9406450129016957,0.8042895442359249,0.461
4570,346,338,362,401,3.007116843195563,0.5780346820809248,0.46
4560,357,339,395,443,1.80464342599785,0.5602240896358543,0.526
4590,353,341,381,403,1.7655225545506346,0.0,0.502
4565,358,339,419,438,4.993601947504759,0.5586592178770949,0.537
4570,351,338,408,420,1.3798589297164794,4.5584045584045585,0.475
4574,352,345,385,436,4.6003357438016526,1.1363636363636365,0.507
4590,350,341,413,432,6.857142857142858,0.8571428571428572,0.507
4605,350,346,412,453,1.4693877551020407,0.2857142857142857,0.547
4570,354,345,409,411,1.9151584793641672,0.847457627118644,0.515
4599,355,334,366,390,2.142432057131521,4.788732394366197,0.467
4590,356,329,377,429,2.0515086478979927,0.5617977528089888,0.475
4550,357,336,397,427,4.864690974428987,0.2801120448179272,0.512
4595,353,350,385,395,5.37681868885875,0.0,0.493
4590,352,340,401,451,4.84245867768595,0.8522727272727272,0.538
4585,353,346,414,431,1.2840164033095522,0.0,0.54
4570,349,342,411,415,1.3957192469684156,0.28653295128939826,0.503
4565,354,337,396,404,2.792939449072744,0.2824858757062147,0.484
4590,354,331,452,487,3.4313256088607997,0.0,0.56
4575,351,336,373,388,2.1915406530791146,3.133903133903134,0.465
4603,353,345,506,554,3.531045109101269,5.6657223796034,0.597
4540,349,335,367,386,1.8062249078414792,0.5730659025787965,0.456
4531,348,343,376,414,5.202140309155767,0.0,0.484
4575,347,336,366,381,2.989809731830677,0.5763688760806917,0.452
4574,350,332,385,404,4.244897959183674,0.8571428571428572,0.464
4495,348,341,415,430,1.4863258026159334,4.022988505747127,0.502
4610,352,341,390,404,1.3720299586776858,0.8522727272727272,0.495
4545,354,343,415,426,3.5111238788343067,0.2824858757062147,0.479
4560,349,335,366,387,1.9704271721907047,0.5730659025787965,0.459
4565,351,335,366,379,2.353876997751642,0.5698005698005698,0.454
4594,355,343,395,404,3.967466772465781,0.8450704225352111,0.512
4560,358,334,364,386,1.6385256390249994,0.27932960893854747,0.458
4570,344,339,392,407,2.619659275283937,1.1627906976744187,0.501
4600,361,331,419,434,2.5322089302568274,4.1551246537396125,0.525
4530,357,323,420,442,3.1385103060832176,0.0,0.498
4594,349,338,397,416,4.7618656661275365,0.28653295128939826,0.495
4560,355,332,416,450,3.4913707597698864,0.8450704225352111,0.478
4530,354,342,370,389,1.3565705895496185,0.5649717514124294,0.469
4594,349,334,384,438,4.26925887307986,0.5730659025787965,0.509
4539,357,340,391,437,3.923137882604022,1.680672268907563,0.527
4560,351,343,406,419,5.275931201857128,0.5698005698005698,0.482
4570,346,334,388,405,1.7541514918640781,0.2890173410404624,0.481
4559,357,341,379,419,1.3338668800853675,0.2801120448179272,0.485
4559,356,341,402,416,1.3413710390102258,0.8426966292134831,0.52
4560,347,340,371,421,1.6610054065725983,0.2881844380403458,0.486
4575,351,340,388,410,2.922054204105486,0.8547008547008548,0.473
4520,348,333,387,408,1.5688994583168188,4.310344827586207,0.497
4574,353,341,381,434,1.3642674285163991,0.56657223796034,0.495
4534,351,336,389,409,1.6233634467252702,2.2792022792022792,0.487
4560,346,340,387,440,3.675365030572354,0.5780346820809248,0.49
4530,350,338,439,489,2.2857142857142856,1.1428571428571428,0.523
4505,352,343,379,383,1.1299070247933882,1.9886363636363635,0.478
4570,349,344,369,390,0.41050566087306345,0.5730659025787965,0.475
4569,355,343,375,432,3.3326720888712558,0.28169014084507044,0.514
4590,352,347,406,416,1.6948605371900825,0.2840909090909091,0.541
4560,351,346,388,427,2.7597178594329588,0.5698005698005698,0.5
4595,346,338,375,390,2.8400547963513647,0.0,0.477
4570,346,334,372,388,1.837682515286177,5.780346820809249,0.464
4560,354,333,396,419,2.2343515592581955,0.847457627118644,0.478
4594,349,341,442,461,1.7241237756668664,0.8595988538681949,0.526
4609,363,334,381,397,3.718628812543163,0.5509641873278237,0.474
4625,350,335,376,408,3.2653061224489797,0.2857142857142857,0.491
4589,356,338,436,461,3.708496401969448,0.5617977528089888,0.548
4564,359,331,379,417,2.9484563279304163,2.2284122562674096,0.493
4594,357,341,378,401,0.706164818868724,0.5602240896358543,0.502
4545,351,344,395,429,3.084390548778013,1.7094017094017095,0.508
4560,348,339,422,455,6.027876866164619,0.8620689655172413,0.515
4615,345,340,389,412,4.28481411468179,3.4782608695652173,0.517
4560,352,346,390,408,2.1791064049586777,1.9886363636363635,0.49
4620,349,342,391,398,2.3809328330637682,0.28653295128939826,0.488
4629,362,332,366,443,2.51823814901865,0.2762430939226519,0.485
4570,349,342,372,382,2.0525283043653175,0.28653295128939826,0.469
4590,353,343,403,412,4.173053310756044,1.41643059490085,0.496
4635,358,331,412,443,1.9506257607440465,3.072625698324022,0.486
4604,368,323,383,417,2.6583175803402646,2.1739130434782608,0.468
4630,346,336,381,405,3.842427077416552,0.2890173410404624,0.484
4649,349,333,358,392,1.313618114793803,0.8595988538681949,0.454
4655,351,345,407,421,2.272708825415378,3.9886039886039883,0.525
4589,354,335,394,411,0.9575792396820836,1.694915254237288,0.5
4629,352,337,383,407,1.2913223140495869,0.2840909090909091,0.495
4615,342,340,370,387,1.9664170172018738,0.0,0.474
4565,347,333,388,419,1.9932064878871183,1.729106628242075,0.487
4560,345,336,405,423,2.6044948540222648,0.0,0.496
4560,349,335,401,407,2.8735396261114436,0.5730659025787965,0.489
4554,349,337,376,401,1.9704271721907047,0.5730659025787965,0.485
4569,353,344,397,411,1.5247694789300932,0.56657223796034,0.505
4555,348,340,377,397,1.6514731140177037,0.0,0.485
4539,363,329,371,404,1.9731499821657599,0.27548209366391185,0.46
4530,347,341,379,402,0.9966032439435591,0.8645533141210375,0.483
4550,351,342,385,412,3.4090632381230677,1.4245014245014245,0.503
4565,355,335,384,431,2.142432057131521,4.225352112676056,0.508
4560,345,335,365,408,2.436462927956312,0.8695652173913043,0.464
4650,351,342,420,429,1.7856997913977972,0.2849002849002849,0.524
4670,345,339,378,389,4.116782188615837,0.5797101449275363,0.483
4640,349,340,369,400,2.627236229587606,0.28653295128939826,0.476
4620,357,338,386,401,1.8831061836499308,0.2801120448179272,0.487
4574,348,334,366,381,2.2294887039239,0.8620689655172413,0.449
4554,351,342,390,402,1.7045316190615338,0.2849002849002849,0.497
4590,347,340,389,422,1.4118545955867086,4.322766570605188,0.504
4569,352,343,375,407,1.7755681818181819,0.0,0.482
4560,354,337,386,413,1.5959653994701395,0.5649717514124294,0.472
4564,342,339,397,416,0.7694675284702985,0.8771929824561403,0.489
4560,353,345,386,402,2.2470287057917164,0.56657223796034,0.502
4565,356,330,389,423,1.2624668602449187,0.2808988764044944,0.483
4590,348,334,401,421,3.055225260932752,0.28735632183908044,0.524
4570,341,340,380,398,2.751954317558329,0.2932551319648094,0.485
4594,343,338,388,399,1.95496774303224,0.0,0.49
4640,347,334,394,413,1.1627037846008188,1.1527377521613833,0.503
4659,350,338,392,413,4.163265306122449,1.4285714285714286,0.526
4670,346,339,391,397,1.6706204684419794,0.5780346820809248,0.505
4650,348,339,383,407,2.972651605231867,0.5747126436781609,0.491
4645,359,333,435,470,6.207276479853509,1.1142061281337048,0.558
4615,342,339,386,397,2.4793953695154065,0.8771929824561403,0.493
4624,376,329,382,420,2.263467632412856,1.5957446808510638,0.483
4625,344,338,427,446,1.6055976203353164,0.5813953488372093,0.511
4645,348,345,415,437,2.312062359624785,0.0,0.543
4655,356,343,401,420,2.2093170054286073,1.9662921348314606,0.536
4625,347,344,385,417,2.159307028544378,0.2881844380403458,0.501
4620,352,342,390,404,2.2598140495867765,0.5681818181818182,0.511
4620,349,343,395,424,3.5303486835083455,1.7191977077363898,0.523
4604,353,335,377,392,1.9260246049643288,0.56657223796034,0.469
4400,343,339,427,453,0.7649873777082679,0.2915451895043732,0.464
4441,352,343,405,413,0.96849173553719,0.8522727272727272,0.483
4440,351,344,403,409,0.8928498956988986,0.2849002849002849,0.481
4320,369,329,462,674,5.140972818942282,0.5420054200542005,0.454
4685,344,337,354,369,1.4365873445105461,0.29069767441860467,0.456
4685,356,325,378,426,2.1304128266633002,1.4044943820224718,0.501
4730,350,346,380,412,0.8163265306122449,1.1428571428571428,0.509
4680,347,336,371,387,1.4118545955867086,1.440922190201729,0.466
4680,351,339,397,420,3.2467268934505404,0.2849002849002849,0.515
4685,365,336,388,445,3.5278663914430477,0.273972602739726,0.544
4700,369,325,400,417,2.3501590029450425,0.27100271002710025,0.502
4680,348,345,372,396,4.7892720306513406,1.1494252873563218,0.486
4699,352,333,373,385,1.856275826446281,0.0,0.474
4680,349,341,395,405,3.4482475513337327,0.28653295128939826,0.509
4690,351,333,387,397,1.2175225850439526,1.4245014245014245,0.478
4719,343,341,380,393,2.549957925694226,0.0,0.503
4710,345,335,397,438,6.049149338374291,0.5797101449275363,0.528
4724,350,334,378,386,1.7142857142857144,0.0,0.491
4749,369,341,372,380,2.6439288783131736,0.27100271002710025,0.49
4690,351,342,375,399,1.7856997913977972,0.2849002849002849,0.488
4685,351,332,374,393,1.2175225850439526,0.5698005698005698,0.481
4680,363,337,385,415,3.6427384286137108,0.5509641873278237,0.512
4684,347,335,388,421,3.488111353802456,0.0,0.513
4680,351,337,383,398,1.298690757380216,0.5698005698005698,0.499
4680,360,329,376,398,3.1635802469135803,0.8333333333333334,0.494
4715,358,338,417,436,5.305702069223806,1.3966480446927374,0.544
4695,357,342,391,407,1.5692551530416088,0.0,0.503
4740,360,337,384,431,1.6975308641975309,0.2777777777777778,0.514
4699,356,343,412,437,4.2608256533266005,0.0,0.518
4705,361,337,372,385,2.839143346045534,0.0,0.489
4735,352,343,408,431,3.309013429752066,1.7045454545454544,0.534
4380,352,340,429,470,3.389721074380165,0.2840909090909091,0.515
4689,364,342,392,457,5.1322304069556814,0.8241758241758242,0.542
4680,346,339,372,385,1.5870894450198803,0.0,0.475
4680,352,336,411,430,1.5334452479338843,1.4204545454545454,0.52
4695,355,337,373,390,1.7456853798849432,0.8450704225352111,0.488
4720,350,343,389,418,1.7142857142857144,0.0,0.535
4690,351,344,393,413,2.0292043084065874,3.9886039886039883,0.525
4710,358,325,378,418,2.964951156330951,0.0,0.487
4710,355,331,375,391,3.1739734179726247,0.28169014084507044,0.472
4675,354,340,379,403,2.792939449072744,0.0,0.496
4680,359,327,367,393,1.4742281639652082,1.6713091922005572,0.474
4695,343,338,401,407,2.6349565232173666,1.749271137026239,0.502
4680,355,333,372,403,1.9837333862328905,0.28169014084507044,0.489
4695,348,336,381,401,2.642356982428326,0.8620689655172413,0.487
4715,345,339,415,435,5.461037597143458,0.0,0.534
4680,346,341,372,421,1.5035584215977815,1.1560693641618496,0.504
4690,346,334,374,410,2.171806608974573,2.312138728323699,0.502
4724,350,339,376,397,2.2857142857142856,0.0,0.509
4699,355,343,391,434,1.825034715334259,0.8450704225352111,0.535
4650,360,321,402,413,4.243827160493828,0.5555555555555556,0.472
4710,350,340,378,382,0.8163265306122449,1.1428571428571428,0.484
4680,355,341,377,410,2.3011307280301527,0.28169014084507044,0.495
4670,354,338,389,402,3.191930798940279,0.5649717514124294,0.496
4680,362,347,395,418,6.104819755196727,0.8287292817679558,0.522
4725,352,344,380,405,2.3405216942148757,0.2840909090909091,0.512
4675,353,336,409,417,0.8827612772753173,1.9830028328611897,0.52
4690,357,332,394,403,1.0984786071291261,0.8403361344537815,0.5
4680,356,341,423,458,1.2624668602449187,1.9662921348314606,0.536
4735,353,341,397,419,4.494057411583433,0.0,0.534
4665,346,342,405,424,2.0047445621303748,0.2890173410404624,0.537
4710,352,336,394,416,1.856275826446281,1.7045454545454544,0.524
4745,353,332,390,444,4.0125512603423505,3.39943342776204,0.513
4695,357,333,371,394,2.3538827295624136,0.2801120448179272,0.473
4710,351,336,363,420,0.8928498956988986,0.5698005698005698,0.491
4664,374,333,375,381,2.788183819954817,0.267379679144385,0.468
4690,349,331,379,391,3.4482475513337327,0.5730659025787965,0.486
4730,350,344,390,401,1.0612244897959184,1.1428571428571428,0.517
4694,349,342,389,402,2.7914384939368313,0.5730659025787965,0.499
4715,351,338,395,407,1.136354412707689,0.8547008547008548,0.508
4720,348,342,388,413,3.550667195138063,0.8620689655172413,0.51
4710,352,330,413,430,2.1791064049586777,0.2840909090909091,0.538
4680,348,340,402,411,3.550667195138063,0.8620689655172413,0.508
4755,346,338,388,409,3.5083029837281563,1.1560693641618496,0.513
4700,346,345,395,404,1.7541514918640781,0.2890173410404624,0.508
4760,344,340,389,400,3.042184964845863,0.29069767441860467,0.493
4680,349,338,383,420,4.187157740905248,0.0,0.53
4680,369,314,391,416,1.615734314524717,1.084010840108401,0.475
4705,343,340,407,424,3.1449481083562123,0.5830903790087464,0.508
4714,348,337,390,417,3.1377989166336375,0.5747126436781609,0.525
4720,356,339,389,415,1.0257543239489963,1.9662921348314606,0.51
4710,354,337,383,399,1.6757636694436466,3.1073446327683616,0.496
4705,356,336,378,396,2.288221184193915,0.0,0.498
4684,355,343,416,423,1.825034715334259,0.0,0.554
4709,350,344,436,457,4.8979591836734695,2.0,0.572
4709,353,344,402,427,2.327279730998564,0.84985835694051,0.538
4710,361,328,385,427,2.608942534204004,0.0,0.499
4730,348,340,393,440,2.312062359624785,0.0,0.525
4684,361,328,381,433,2.3787417223624745,0.2770083102493075,0.488
4715,344,340,388,410,0.8450513791238506,0.29069767441860467,0.507
4680,347,344,384,407,2.0762567582157483,1.1527377521613833,0.514
4730,352,344,404,439,2.9054752066115705,4.261363636363636,0.52
4739,347,344,383,411,2.3254075692016376,0.0,0.52
4739,353,344,401,413,2.1667776805848695,1.9830028328611897,0.52
4744,344,336,383,388,4.309762033531639,0.29069767441860467,0.499
4680,349,335,379,417,3.0377418904606692,0.5730659025787965,0.511
4684,354,333,382,408,1.6757636694436466,0.2824858757062147,0.497
4759,342,338,430,472,2.3084025854108954,0.5847953216374269,0.493
4685,353,332,384,411,1.6050205041369405,0.28328611898017,0.497
4740,351,339,406,420,1.7856997913977972,2.2792022792022792,0.533
4675,348,337,390,406,0.9908838684106223,1.1494252873563218,0.503
4694,363,340,380,399,3.490957660754806,0.5509641873278237,0.508
4730,346,343,428,446,2.589461726085068,4.335260115606936,0.515
4715,350,335,381,407,1.4693877551020407,1.7142857142857144,0.502
4685,346,340,397,451,2.0047445621303748,1.1560693641618496,0.527
4724,356,335,385,396,1.5780835753061482,0.0,0.473
4695,350,340,381,399,1.7142857142857144,0.2857142857142857,0.494
4680,351,343,378,398,1.461027102052743,1.4245014245014245,0.495
4694,354,344,415,421,1.5161671294966323,3.672316384180791,0.531
4679,348,337,381,430,1.8166204254194744,5.747126436781609,0.502
4710,349,342,375,395,0.9852135860953524,0.8595988538681949,0.499
4715,357,338,378,390,1.6477179106936892,3.6414565826330536,0.502
4710,352,341,388,401,4.116089876033058,0.5681818181818182,0.503
4690,353,334,398,447,1.7655225545506346,1.13314447592068,0.523
4685,364,340,372,416,2.641589180050719,0.5494505494505495,0.512
4675,350,343,401,416,1.959183673469388,0.2857142857142857,0.512
4720,356,339,371,398,2.44602954172453,0.2808988764044944,0.483
4685,354,340,379,422,2.713141179099237,1.1299435028248588,0.51
4694,347,333,383,397,1.6610054065725983,0.2881844380403458,0.475
4715,357,325,377,398,1.5692551530416088,0.5602240896358543,0.471
4699,371,329,375,412,2.3248886596290355,0.5390835579514826,0.494
4705,347,333,404,419,5.066066490046426,0.2881844380403458,0.514
4720,354,338,393,417,2.0747550193111817,1.694915254237288,0.529
4690,350,333,377,393,1.4693877551020407,1.1428571428571428,0.48
4715,348,336,367,407,3.1377989166336375,0.5747126436781609,0.495
4705,355,330,391,414,2.4598293989287834,0.5633802816901409,0.49
4730,354,338,385,405,1.0373775096555908,0.0,0.512
4680,359,332,382,411,3.646774931913936,0.5571030640668524,0.493
4675,355,342,399,413,1.1902400317397341,1.4084507042253522,0.509
4700,357,329,387,429,4.707765459124827,0.2801120448179272,0.498
4679,359,340,406,423,1.9397738999542213,1.1142061281337048,0.512
4690,347,338,386,414,3.5711616241310864,0.2881844380403458,0.5
4710,357,335,410,449,1.412329637737448,0.8403361344537815,0.562
4695,353,340,378,390,2.0062756301711753,2.5495750708215295,0.5
4710,346,335,382,396,1.7541514918640781,0.8670520231213872,0.489
4735,345,336,370,401,1.260239445494644,0.2898550724637681,0.481
4715,353,343,390,408,2.648283831825952,0.28328611898017,0.507
4695,354,342,377,398,1.5959653994701395,1.1299435028248588,0.503
4699,345,338,386,427,2.436462927956312,0.0,0.494
4705,350,344,407,441,4.163265306122449,4.285714285714286,0.532
4815,348,340,433,474,1.9817677368212445,0.28735632183908044,0.609
4675,346,339,364,385,1.2529653513314845,0.5780346820809248,0.472
4679,351,343,369,405,1.6233634467252702,1.7094017094017095,0.491
4685,344,337,388,403,1.6055976203353164,0.872093023255814,0.495
4710,354,343,419,437,1.5959653994701395,0.5649717514124294,0.52
4695,351,344,429,447,2.435045170087905,3.418803418803419,0.554
4755,358,333,376,413,1.170375456446428,1.3966480446927374,0.501
4710,345,336,387,392,2.6885108170552408,0.2898550724637681,0.483
4730,356,339,370,415,1.7358919328367628,2.528089887640449,0.507
4709,345,336,396,406,2.7725267800882167,0.5797101449275363,0.495
4715,349,341,375,390,0.8210113217461269,0.0,0.489
4704,352,330,359,380,1.1299070247933882,1.4204545454545454,0.459
4684,366,323,397,436,1.6423303174176593,0.546448087431694,0.497
4720,350,339,418,458,4.081632653061225,0.2857142857142857,0.558
4720,353,343,407,426,3.9323002351355036,0.56657223796034,0.585
4710,361,350,371,399,3.222811365781417,0.0,0.503
4699,347,344,396,409,1.079653514272189,1.729106628242075,0.511
4684,357,338,406,451,2.3538827295624136,1.400560224089636,0.535
4730,348,337,374,397,0.6605892456070815,0.0,0.493
4685,349,341,386,414,2.627236229587606,0.5730659025787965,0.531
4675,351,338,383,416,3.814904099804385,1.7094017094017095,0.505
4724,360,335,384,406,2.8549382716049383,0.5555555555555556,0.505
4685,354,334,373,402,1.3565705895496185,3.672316384180791,0.484
4685,346,337,413,419,1.5870894450198803,0.5780346820809248,0.52
4695,352,341,373,385,3.0668904958677685,0.2840909090909091,0.484
4680,345,340,379,408,3.192606595253098,0.5797101449275363,0.511
4715,349,339,417,460,4.26925887307986,0.28653295128939826,0.555
4739,352,345,413,439,1.856275826446281,0.0,0.549
4715,346,341,415,427,2.0882755855524744,0.2890173410404624,0.527
4730,347,344,388,410,1.245754054929449,0.2881844380403458,0.501
4680,354,340,386,450,2.713141179099237,3.954802259887006,0.503
4675,346,341,386,414,2.2553376323966723,1.7341040462427744,0.516
4685,348,336,378,409,3.8809618179416043,0.28735632183908044,0.495
4654,355,333,410,424,3.808768101567149,0.0,0.538
4699,352,338,378,413,3.4704287190082646,0.0,0.499
4690,355,325,414,458,5.633802816901409,0.8450704225352111,0.498
4685,346,338,390,395,1.7541514918640781,1.4450867052023122,0.512
4699,343,337,380,397,1.5299747554165357,1.1661807580174928,0.492
4680,351,346,387,412,2.0292043084065874,0.0,0.504
4685,355,343,396,434,1.428288038087681,0.28169014084507044,0.536
4650,356,332,414,426,3.708496401969448,0.0,0.539
4710,349,344,379,417,2.955640758286057,0.28653295128939826,0.512
4694,363,341,369,396,2.352601901813021,1.6528925619834711,0.485
4699,346,344,404,424,1.7541514918640781,2.601156069364162,0.533
4715,346,341,404,432,2.171806608974573,0.2890173410404624,0.515
4695,347,340,370,389,1.9101562175584883,0.2881844380403458,0.482
4686,344,337,416,428,5.154813412655489,0.872093023255814,0.514
4675,360,341,375,427,4.089506172839506,0.2777777777777778,0.517
4680,347,342,387,420,1.9932064878871183,2.0172910662824206,0.518
4675,352,340,386,454,2.9861828512396693,3.4090909090909087,0.505
4684,344,337,410,425,0.7605462412114657,0.872093023255814,0.539
4690,355,342,390,450,2.856576076175362,0.8450704225352111,0.521
4710,354,344,381,431,2.0747550193111817,6.497175141242938,0.523
4710,353,340,481,508,4.253304335962892,0.56657223796034,0.661
4710,346,335,376,391,1.7541514918640781,0.2890173410404624,0.491
4715,345,338,394,419,2.8565427431211936,0.0,0.518
4690,355,328,376,394,1.428288038087681,0.5633802816901409,0.478
4724,347,340,386,393,1.827105947229858,0.5763688760806917,0.512
4684,346,334,369,397,3.1741788900397605,0.2890173410404624,0.492
4695,355,339,382,396,1.5076373735369968,0.0,0.494
4680,347,346,370,395,4.2355637867601255,6.628242074927954,0.489
4694,358,340,393,440,2.418775943322618,1.9553072625698324,0.537
4666,363,322,371,414,0.9106846071534277,1.6528925619834711,0.442
4715,357,326,378,405,1.80464342599785,0.5602240896358543,0.486
4674,353,332,390,411,2.4075307562054107,0.28328611898017,0.515
4739,351,341,381,406,2.272708825415378,0.2849002849002849,0.515
4684,349,337,391,408,1.4778203791430284,0.5730659025787965,0.505
4725,347,335,378,412,4.152513516431497,1.1527377521613833,0.501
4710,350,339,382,435,1.7959183673469392,0.2857142857142857,0.522
4695,350,340,384,408,0.7346938775510203,2.0,0.508
4715,352,346,381,405,1.0491993801652892,0.5681818181818182,0.499
4700,349,344,392,412,2.3809328330637682,2.292263610315186,0.522
4710,350,335,388,412,1.7142857142857144,1.7142857142857144,0.508
4690,348,344,373,398,1.6514731140177037,0.0,0.493
4690,349,333,366,388,1.5599215113176412,0.28653295128939826,0.468
4710,364,327,413,432,4.000120758362518,0.0,0.53
4710,347,337,372,419,1.744055676901228,0.5763688760806917,0.495
4670,354,340,392,415,5.107089278304446,0.5649717514124294,0.521
4684,346,338,386,403,0.9188412576430885,0.5780346820809248,0.491
4705,352,338,380,393,1.2106146694214874,0.0,0.476
4720,360,331,387,398,3.5493827160493825,1.6666666666666667,0.463
4715,362,326,389,408,2.594548395958609,0.5524861878453038,0.495
4705,364,340,378,406,3.169907016060862,0.0,0.495
4734,357,336,368,399,0.6277020612166435,1.1204481792717087,0.488
4690,347,334,384,403,1.4949048659153386,0.0,0.511
4694,344,339,371,392,2.0281233098972415,0.5813953488372093,0.486
4710,348,338,382,389,1.8166204254194744,0.0,0.501
4679,351,341,384,409,1.0551862403714256,0.2849002849002849,0.509
4684,357,332,371,416,2.118494456606172,0.8403361344537815,0.485
4710,354,338,372,384,3.191930798940279,0.0,0.483
4699,346,339,379,404,3.25770991346186,0.2890173410404624,0.511
4695,356,338,411,428,3.6295922232041407,0.0,0.54
4655,352,342,403,417,1.5334452479338843,0.5681818181818182,0.539
4680,350,334,369,396,2.857142857142857,0.5714285714285714,0.484
4680,345,338,379,399,2.8565427431211936,3.768115942028986,0.492
4709,350,344,435,441,3.8367346938775513,0.5714285714285714,0.549
4680,356,337,366,385,1.6569877540714553,0.5617977528089888,0.47
4740,349,336,397,432,1.6420226434922538,2.5787965616045847,0.527
4680,346,341,396,414,1.4200273981756824,1.1560693641618496,0.534
4680,354,345,368,385,1.8353602093906605,0.2824858757062147,0.487
4706,352,345,373,388,4.277505165289256,0.0,0.487
4719,347,334,420,442,3.903362705445606,2.3054755043227666,0.493
4700,349,338,459,482,2.298831700889155,0.8595988538681949,0.511
4689,347,340,373,381,0.8305027032862992,0.8645533141210375,0.482
4694,357,342,366,385,1.6477179106936892,0.5602240896358543,0.483
4721,348,342,370,384,2.477209671026556,0.5747126436781609,0.487
4694,362,328,367,392,0.9157229632795092,3.0386740331491713,0.471
4720,354,344,384,405,3.670720418781321,0.2824858757062147,0.519
4715,356,340,381,401,2.8405504355510662,0.2808988764044944,0.494
4690,347,341,374,384,0.7474524329576693,0.8645533141210375,0.476
4690,353,341,383,407,3.4507940838944213,0.28328611898017,0.512
4685,348,339,389,404,0.8257365570088518,0.0,0.504
4670,348,341,371,409,1.9817677368212445,0.28735632183908044,0.495
4695,359,335,394,427,3.3364111079212613,1.392757660167131,0.526
4684,362,340,370,391,3.739202100057995,1.1049723756906076,0.473
4710,356,343,388,416,3.4717838656735256,0.2808988764044944,0.511
4684,349,345,382,406,1.3957192469684156,0.28653295128939826,0.493
4670,350,345,391,405,2.775510204081632,2.0,0.509
4665,355,345,386,413,5.316405475104147,0.8450704225352111,0.529
4699,346,338,385,423,3.925958100838651,0.2890173410404624,0.514
4710,355,350,386,416,5.237056139654831,1.1267605633802817,0.519
4689,357,339,380,413,2.9815847907790562,0.5602240896358543,0.508
4695,348,336,405,421,1.4037521469150482,1.4367816091954022,0.5
4705,352,345,374,416,2.7440599173553717,0.8522727272727272,0.515
4715,343,339,382,405,2.8049537182636484,2.9154518950437316,0.492
4695,359,340,387,395,2.094955811950559,4.178272980501393,0.475
4679,343,339,381,398,2.124964938078522,0.0,0.494
4690,350,342,395,406,3.918367346938776,0.5714285714285714,0.512
4739,349,344,393,401,1.9704271721907047,0.0,0.521
4691,352,340,395,432,1.1299070247933882,0.5681818181818182,0.51
4714,347,341,388,398,1.827105947229858,0.0,0.492
4710,346,343,398,409,1.0023722810651874,0.2890173410404624,0.513
4710,354,339,381,403,4.468703118516391,2.824858757062147,0.492
4679,352,342,382,400,3.5511363636363638,0.5681818181818182,0.509
4680,362,337,389,427,2.8234791367784866,1.1049723756906076,0.505
4720,364,339,367,380,1.3585315783117982,3.296703296703297,0.474
4680,363,335,394,457,2.732053821460283,0.27548209366391185,0.5
4720,349,345,407,420,1.7241237756668664,0.5730659025787965,0.534
4685,351,333,389,427,2.1915406530791146,1.7094017094017095,0.506
4694,347,341,393,404,4.484714597746016,0.0,0.522
4710,347,342,386,410,1.9932064878871183,1.1527377521613833,0.511
4690,357,338,373,402,0.6277020612166435,0.2801120448179272,0.499
4675,354,344,382,399,1.1171757796290978,0.5649717514124294,0.509
4705,350,337,407,426,2.122448979591837,1.7142857142857144,0.533
4680,357,341,408,421,1.0984786071291261,0.5602240896358543,0.546
4695,354,344,438,449,1.9151584793641672,1.4124293785310735,0.553
4680,350,341,385,413,3.6734693877551017,0.2857142857142857,0.517
4680,349,342,401,434,1.8062249078414792,2.292263610315186,0.54
4704,345,340,372,397,2.8565427431211936,0.8695652173913043,0.49
4694,351,337,383,414,2.110372480742851,1.9943019943019942,0.516
4740,361,332,387,412,5.141151464460831,4.986149584487535,0.493
4715,353,343,384,402,3.3705430586875753,0.56657223796034,0.508
4690,352,345,404,430,2.0983987603305785,1.7045454545454544,0.548
4710,348,337,391,411,2.2294887039239,0.5747126436781609,0.521
4684,347,334,376,395,3.155910272487937,2.881844380403458,0.482
4724,350,347,370,409,2.0408163265306123,2.0,0.505
4720,357,341,375,393,1.5692551530416088,0.0,0.497
4689,345,338,390,404,1.3442554085276204,2.0289855072463765,0.512
4739,345,335,382,394,3.360638521319051,0.2898550724637681,0.483
4694,350,338,396,416,2.693877551020408,0.5714285714285714,0.517
4675,352,345,428,441,1.3720299586776858,0.8522727272727272,0.518
4691,347,336,392,418,2.0762567582157483,3.170028818443804,0.502
4680,347,339,370,389,1.4949048659153386,2.3054755043227666,0.481
4710,349,343,384,411,1.9704271721907047,0.5730659025787965,0.501
4680,353,341,423,433,1.7655225545506346,1.41643059490085,0.521
4710,351,342,389,409,1.5421952743890066,2.2792022792022792,0.513
4655,346,337,408,421,1.921213538708276,0.8670520231213872,0.487
4680,356,341,387,429,3.6295922232041407,0.2808988764044944,0.534
4704,359,324,380,394,2.9484563279304163,0.2785515320334262,0.477
4740,349,344,385,411,3.4482475513337327,4.011461318051576,0.524
4710,346,335,376,407,1.7541514918640781,0.0,0.499
4740,348,336,368,410,2.724930638129211,0.28735632183908044,0.481
4731,352,342,384,413,4.681043388429751,0.8522727272727272,0.522
4710,348,342,385,410,5.202140309155767,0.5747126436781609,0.5
4690,354,345,409,419,2.8727377190462517,0.5649717514124294,0.509
4719,348,338,407,447,2.8075042938300965,0.28735632183908044,0.56
4690,351,347,379,399,3.6525677551318574,0.2849002849002849,0.501
4730,350,341,371,396,3.428571428571429,0.0,0.489
4709,356,341,389,398,2.8405504355510662,3.651685393258427,0.504
4690,351,343,380,403,1.461027102052743,2.564102564102564,0.504
4775,354,331,361,381,1.5161671294966323,2.5423728813559325,0.47
4690,347,334,392,417,1.9101562175584883,0.0,0.5
4710,354,336,381,418,4.9474927383574325,0.5649717514124294,0.507
4685,353,337,393,425,5.055814588031362,0.28328611898017,0.531
4720,352,346,425,436,1.4527376033057853,0.5681818181818182,0.57
4539,348,333,384,396,2.724930638129211,0.28735632183908044,0.474
4699,345,337,395,408,2.352446964923335,1.7391304347826086,0.501
4710,353,338,398,409,2.086526655378022,0.56657223796034,0.512
4710,347,335,373,402,2.491508109858898,0.0,0.483
4674,353,334,467,507,5.858324840099832,2.26628895184136,0.579
4659,346,341,385,401,1.5870894450198803,0.2890173410404624,0.496
4710,352,328,468,506,6.698734504132233,0.8522727272727272,0.585
4885,347,333,420,451,2.7406589208447873,3.45821325648415,0.527
4720,351,345,380,420,2.110372480742851,0.2849002849002849,0.533
4715,348,345,372,401,3.055225260932752,0.5747126436781609,0.506
4685,352,340,404,421,2.2598140495867765,2.556818181818182,0.542
4690,352,347,380,402,1.93698347107438,1.4204545454545454,0.51
4746,348,342,423,456,1.5688994583168188,4.597701149425287,0.529
4690,343,341,371,391,3.99493408358762,0.8746355685131195,0.486
4715,346,338,367,388,3.5918340071502555,1.1560693641618496,0.482
4710,342,340,388,427,0.9404603125748093,0.8771929824561403,0.512
4735,348,344,399,425,2.0643413925221297,3.1609195402298855,0.509
4715,353,346,418,435,1.9260246049643288,0.56657223796034,0.532
4695,355,342,442,461,5.475104146002777,0.5633802816901409,0.564
4669,349,345,398,413,2.298831700889155,0.5730659025787965,0.527
4650,351,342,413,432,3.165558721114277,0.0,0.522
4724,350,341,384,404,1.959183673469388,0.0,0.52
4691,357,337,384,414,2.5892710025186547,0.5602240896358543,0.514
4710,353,343,416,438,4.333555361169739,1.41643059490085,0.547
4694,362,334,383,415,1.0683434571594275,1.9337016574585635,0.48
4704,345,341,395,414,2.184415038857383,2.608695652173913,0.508
4710,359,333,375,403,2.560501547939572,0.8356545961002786,0.494
4730,354,335,381,412,4.0697117686488555,0.847457627118644,0.499
4724,355,331,378,398,1.2695893671890497,2.2535211267605635,0.472
4699,369,327,375,384,1.6891767833667495,0.27100271002710025,0.461
4720,361,342,372,402,2.839143346045534,0.2770083102493075,0.514
4664,348,338,381,395,1.238604835513278,0.8620689655172413,0.489
4700,356,325,403,423,3.5506880444388336,0.5617977528089888,0.496
4710,346,335,376,396,3.1741788900397605,0.2890173410404624,0.491
4694,359,337,390,412,2.3277286799450656,3.064066852367688,0.509
4715,343,337,370,397,3.739938291018198,1.749271137026239,0.496
4694,349,334,365,394,1.8883260400160917,3.151862464183381,0.48
4739,359,333,391,427,1.9397738999542213,3.6211699164345403,0.526
4729,351,345,394,405,2.1915406530791146,1.1396011396011396,0.524
4685,365,328,399,439,2.4770125727153314,0.821917808219178,0.534
4690,348,337,412,421,2.559783326727441,1.1494252873563218,0.529
4730,351,343,377,413,2.110372480742851,1.4245014245014245,0.514
4715,353,341,389,414,0.8827612772753173,1.9830028328611897,0.516
4710,357,338,409,419,3.060047548431137,0.5602240896358543,0.516
4720,349,334,382,417,1.9704271721907047,0.5730659025787965,0.505
4694,358,334,384,396,1.8726007303142846,0.27932960893854747,0.461
4735,356,328,403,430,1.7358919328367628,0.5617977528089888,0.515
4729,357,335,365,393,1.7261806683457697,0.0,0.461
4759,353,345,384,393,0.8827612772753173,1.9830028328611897,0.499
4739,347,336,388,392,1.9101562175584883,0.8645533141210375,0.487
4710,355,336,370,418,2.0630827216822056,2.535211267605634,0.504
4694,345,340,397,400,2.436462927956312,0.2898550724637681,0.495
4725,350,345,411,428,3.7551020408163263,0.8571428571428572,0.537
4715,351,344,405,421,1.9480361360703242,0.0,0.552
4669,353,342,376,390,0.722259226861623,0.0,0.485
4685,367,325,396,437,1.8561278203862233,0.544959128065395,0.495
4714,344,338,383,396,1.8591130340724717,0.29069767441860467,0.488
4715,343,338,376,405,2.124964938078522,0.8746355685131195,0.498
4685,352,343,375,387,3.2283057851239665,1.9886363636363635,0.497
4724,353,343,383,392,1.6852715293437877,0.0,0.499
4750,345,341,375,403,1.260239445494644,4.057971014492753,0.501
4740,351,338,377,400,2.353876997751642,0.5698005698005698,0.513
4769,347,343,374,386,1.1627037846008188,1.1527377521613833,0.502
4680,353,339,399,439,1.9260246049643288,0.28328611898017,0.546
4709,346,335,359,379,1.5870894450198803,1.4450867052023122,0.454
4715,351,330,401,418,2.7597178594329588,0.0,0.518
4694,351,333,383,427,2.678549687096696,3.9886039886039883,0.531
4699,344,336,383,407,1.5210924824229315,0.872093023255814,0.48
4699,349,341,388,423,2.2167305687145427,0.0,0.528
4734,350,339,365,377,1.1428571428571428,0.2857142857142857,0.473
4690,361,338,390,420,2.302008118415298,3.8781163434903045,0.52
4680,347,334,414,446,4.983016219717796,0.2881844380403458,0.549
4699,343,338,397,402,4.589924266249607,1.4577259475218658,0.468
4710,342,338,386,393,0.7694675284702985,0.8771929824561403,0.492
4705,361,337,380,401,1.151004059207649,1.9390581717451523,0.487
4730,347,339,406,430,1.744055676901228,1.440922190201729,0.522
4730,354,338,415,433,1.8353602093906605,0.5649717514124294,0.551
4710,347,343,369,393,3.488111353802456,0.0,0.487
4684,350,344,380,390,4.163265306122449,2.571428571428571,0.499
4680,363,328,366,381,1.290136526800689,0.8264462809917356,0.464
4710,345,335,396,415,2.7725267800882167,0.8695652173913043,0.517
4710,352,332,417,449,1.6141528925619832,0.2840909090909091,0.574
4710,360,347,385,414,4.706790123456791,0.0,0.518
4720,349,343,371,392,1.9704271721907047,1.7191977077363898,0.488
4685,352,339,431,449,2.3405216942148757,0.0,0.542
4695,350,335,410,437,3.8367346938775513,0.2857142857142857,0.528
4699,357,348,374,390,3.6092868519957,0.2801120448179272,0.501
4684,345,336,391,399,2.1003990758244067,4.9275362318840585,0.495
4724,351,339,383,392,3.327895065786804,0.0,0.491
4685,349,339,376,402,2.7914384939368313,0.28653295128939826,0.492
4715,354,343,395,412,0.7979826997350697,0.2824858757062147,0.531
4704,360,330,440,450,1.7746913580246912,0.8333333333333334,0.509
4715,345,336,413,431,1.9323671497584543,0.0,0.547
4694,354,339,380,404,4.628299658463404,0.0,0.5
4684,352,347,400,409,1.1299070247933882,0.5681818181818182,0.525
4695,348,335,372,391,2.559783326727441,1.4367816091954022,0.488
4690,351,329,371,400,2.7597178594329588,0.0,0.483
4665,349,339,400,406,3.6124498156829583,0.28653295128939826,0.523
4695,348,339,378,419,1.8166204254194744,2.0114942528735633,0.506
4680,348,345,395,404,2.1469150482230153,1.7241379310344827,0.516
4710,369,333,370,382,1.6891767833667495,0.27100271002710025,0.469
4730,366,339,373,403,1.7916330735465378,1.092896174863388,0.49
4729,352,340,420,458,3.793259297520661,2.840909090909091,0.522
4680,355,342,396,404,0.7934933544931562,0.8450704225352111,0.507
4720,353,344,413,417,2.0062756301711753,0.56657223796034,0.535
4680,350,330,398,425,1.959183673469388,3.7142857142857144,0.493
4680,351,339,382,402,1.3798589297164794,0.0,0.507
4635,351,340,385,415,1.9480361360703242,0.5698005698005698,0.515
4650,349,346,383,396,1.313618114793803,0.28653295128939826,0.514
4710,350,344,423,458,4.7346938775510194,2.0,0.589
4680,346,338,405,440,1.837682515286177,3.4682080924855487,0.544
4695,353,344,396,410,2.1667776805848695,1.41643059490085,0.53
4720,347,333,387,396,2.823709191173417,0.2881844380403458,0.493
4680,347,337,363,399,1.6610054065725983,0.0,0.472
4685,384,348,384,423,5.018446180555556,1.5625,0.527
4659,349,339,382,407,2.0525283043653175,0.0,0.505
4695,356,332,377,409,1.5780835753061482,0.2808988764044944,0.494
4680,365,331,370,385,2.1017076374554327,0.0,0.46
4685,345,337,402,420,0.5881117412308338,1.4492753623188406,0.529
4721,348,339,382,398,1.238604835513278,0.28735632183908044,0.497
4710,358,329,371,396,2.184700852033332,0.0,0.479
4670,343,338,385,394,1.5299747554165357,0.0,0.494
4680,356,332,374,405,1.5780835753061482,0.8426966292134831,0.484
4706,351,338,378,398,1.2175225850439526,3.9886039886039883,0.486
4680,353,327,416,437,3.4507940838944213,0.28328611898017,0.519
4694,372,342,373,389,2.9627702624580876,0.5376344086021506,0.491
4739,354,344,401,415,1.0373775096555908,0.5649717514124294,0.53
4724,353,342,397,439,3.1297899830670337,0.84985835694051,0.531
4680,344,337,387,398,1.4365873445105461,1.744186046511628,0.493
4734,350,345,390,396,0.8979591836734696,1.1428571428571428,0.502
4715,356,343,418,439,0.8679459664183814,2.247191011235955,0.542
4719,355,344,414,427,2.856576076175362,0.28169014084507044,0.529
4615,352,339,384,414,1.856275826446281,0.0,0.512
4720,355,344,373,393,3.3326720888712558,0.28169014084507044,0.501
4709,351,338,391,397,2.678549687096696,0.5698005698005698,0.484
4674,352,344,392,416,1.7755681818181819,0.0,0.528
4709,347,343,384,390,2.6576086505161576,0.2881844380403458,0.498
4680,344,340,400,416,2.3661438615467825,0.0,0.527
4710,350,335,367,387,1.7959183673469392,0.2857142857142857,0.474
4715,348,338,380,407,1.4863258026159334,0.28735632183908044,0.495
4650,349,348,385,396,1.313618114793803,0.0,0.512
4684,351,344,396,419,2.435045170087905,0.0,0.512
4725,352,337,381,416,3.309013429752066,0.2840909090909091,0.513
4679,346,336,384,410,3.5083029837281563,1.1560693641618496,0.514
4705,360,327,367,373,1.7746913580246912,2.2222222222222223,0.455
4710,349,337,380,389,2.545135097412994,0.28653295128939826,0.467
4739,347,341,373,401,2.491508109858898,0.5763688760806917,0.494
4680,350,344,386,397,1.959183673469388,0.0,0.505
4694,354,340,381,412,4.708097928436911,0.0,0.504
4790,346,334,381,388,2.2553376323966723,3.1791907514450863,0.483
4750,346,338,383,400,2.0882755855524744,2.312138728323699,0.51
4710,351,339,384,400,2.435045170087905,5.982905982905983,0.5
4680,357,329,394,425,4.393914428516505,0.8403361344537815,0.495
4699,345,337,398,407,1.0081915563957151,0.2898550724637681,0.481
4685,357,344,374,415,2.9815847907790562,0.0,0.497
4699,354,345,402,447,4.0697117686488555,0.5649717514124294,0.529
4691,353,344,395,423,0.8025102520684703,2.8328611898017,0.524
4690,349,334,387,414,0.9031124539207396,2.292263610315186,0.508
4683,352,346,384,430,4.84245867768595,0.0,0.521
4709,345,337,368,384,1.7643352236925016,0.0,0.478
4790,344,336,388,409,1.5210924824229315,0.29069767441860467,0.511
4715,347,335,377,412,2.6576086505161576,0.8645533141210375,0.499
4685,351,335,410,447,1.9480361360703242,0.0,0.563
4720,348,338,372,400,1.8991940811203594,4.022988505747127,0.494
4740,354,334,417,424,6.144466787960036,0.2824858757062147,0.494
4680,345,335,395,432,5.2089897080445295,0.2898550724637681,0.493
4690,352,329,380,420,3.389721074380165,1.7045454545454544,0.455
4725,345,339,367,385,1.3442554085276204,0.2898550724637681,0.486
4684,349,334,408,424,2.7093373617622185,0.8595988538681949,0.515
4684,349,342,386,395,0.7389101895715142,1.7191977077363898,0.498
4725,363,336,369,413,0.758903839294523,1.9283746556473829,0.474
4680,356,341,379,391,4.734250725918445,6.179775280898876,0.497
4685,351,336,419,454,2.435045170087905,1.1396011396011396,0.541
4684,352,345,392,411,4.6003357438016526,0.8522727272727272,0.505
4680,345,337,398,408,3.192606595253098,0.5797101449275363,0.509
4730,351,344,366,401,2.8408860317692226,0.2849002849002849,0.485
4710,355,342,394,421,1.5869867089863123,1.6901408450704223,0.522
4680,355,344,395,445,2.3011307280301527,2.2535211267605635,0.528
4695,356,339,401,412,2.288221184193915,1.4044943820224718,0.53
4690,353,334,417,434,3.531045109101269,0.28328611898017,0.52
4609,354,341,378,397,1.9949567493376743,2.824858757062147,0.485
4730,354,332,414,441,2.553544639152223,3.1073446327683616,0.547
4720,345,336,384,398,2.9405587061541696,1.4492753623188406,0.461
4680,345,335,373,393,1.7643352236925016,0.2898550724637681,0.493
4720,351,340,385,402,1.298690757380216,2.2792022792022792,0.524
4715,352,334,386,409,2.9054752066115705,0.8522727272727272,0.507
4680,343,340,370,392,1.1899803653239722,1.749271137026239,0.481
4710,351,339,379,390,1.298690757380216,0.5698005698005698,0.494
4680,354,344,385,439,1.5161671294966323,2.2598870056497176,0.531
4680,350,338,391,410,1.7142857142857144,0.2857142857142857,0.508
4530,353,345,375,396,1.3642674285163991,0.56657223796034,0.476
4719,355,340,385,408,1.2695893671890497,1.4084507042253522,0.504
4705,347,340,374,395,1.6610054065725983,0.2881844380403458,0.493
4685,345,335,366,386,1.0922075194286915,1.4492753623188406,0.477
4710,346,336,401,432,2.171806608974573,3.4682080924855487,0.513
4719,348,334,374,394,1.5688994583168188,1.1494252873563218,0.491
4725,353,337,433,446,6.420082016547762,0.84985835694051,0.544
4710,352,343,389,423,1.856275826446281,0.8522727272727272,0.538
4710,348,337,394,429,2.8900779495309816,0.5747126436781609,0.505
4685,352,346,388,399,1.1299070247933882,0.5681818181818182,0.496
4679,347,338,380,391,1.744055676901228,0.0,0.495
4715,345,339,411,431,2.184415038857383,0.5797101449275363,0.538
4675,345,339,368,382,1.848351186725478,0.0,0.475
4710,347,337,399,419,0.9966032439435591,0.2881844380403458,0.489
4684,347,335,392,406,6.394870815304504,0.2881844380403458,0.505
4680,353,345,396,405,2.327279730998564,0.28328611898017,0.527
4709,345,337,397,444,5.2089897080445295,2.318840579710145,0.53
4684,354,345,399,413,2.4737463691787163,0.0,0.513
4680,367,334,372,403,3.341030076695202,0.8174386920980926,0.484
4680,349,347,377,388,4.843966798302149,0.28653295128939826,0.501
4680,349,336,399,431,2.13462943653993,0.28653295128939826,0.514
4710,352,339,382,390,2.0983987603305785,0.5681818181818182,0.486
4705,350,345,362,422,3.8367346938775513,2.2857142857142856,0.491
4715,351,347,396,402,2.8408860317692226,0.5698005698005698,0.507
4699,357,351,371,392,3.6092868519957,0.2801120448179272,0.504
4680,358,331,370,390,2.184700852033332,0.8379888268156425,0.468
4705,341,340,377,397,0.8599857242369776,2.346041055718475,0.494
4650,350,338,410,423,2.4489795918367347,0.5714285714285714,0.535
4715,346,340,392,418,2.0047445621303748,0.2890173410404624,0.511
4690,351,340,377,406,1.9480361360703242,0.2849002849002849,0.492
4680,353,346,375,386,2.7285348570327983,1.9830028328611897,0.494
4720,349,347,391,409,1.1494158504445775,0.5730659025787965,0.515
4669,356,344,369,402,1.8937002903673776,0.5617977528089888,0.498
4730,349,340,374,395,0.8210113217461269,1.146131805157593,0.5
4719,346,339,389,400,3.5918340071502555,0.0,0.51
4694,351,345,400,426,1.9480361360703242,0.5698005698005698,0.529
4709,344,337,393,406,1.2675770686857761,0.5813953488372093,0.52
4725,346,340,384,395,2.171806608974573,2.023121387283237,0.504
4734,352,344,384,430,4.761751033057851,0.0,0.523
4689,348,338,401,442,4.5415510635486855,1.1494252873563218,0.511
4829,360,342,381,592,5.401234567901235,5.555555555555555,0.535
4305,355,343,394,824,1.3489387026383655,3.6619718309859155,0.51
4715,368,339,378,390,3.69210775047259,0.5434782608695652,0.493
4715,351,343,391,405,1.3798589297164794,1.4245014245014245,0.499
4680,350,342,380,406,2.0408163265306123,0.2857142857142857,0.491
4715,355,337,406,436,1.0315413608411028,0.28169014084507044,0.5
4695,346,337,370,384,2.589461726085068,2.312138728323699,0.48
4765,347,333,366,382,0.8305027032862992,0.5763688760806917,0.477
4680,347,342,376,384,2.242357298873008,0.2881844380403458,0.487
4664,346,338,372,394,1.0859033044872866,0.5780346820809248,0.48
4719,353,335,381,394,2.648283831825952,3.1161473087818696,0.502
4680,354,344,382,393,1.5161671294966323,0.0,0.506
4715,357,334,408,434,2.3538827295624136,0.5602240896358543,0.54
4690,350,346,384,416,1.5510204081632653,1.7142857142857144,0.514
4710,344,338,374,385,1.1830719307733912,0.872093023255814,0.481
4734,349,339,393,432,2.2167305687145427,1.4326647564469914,0.506
4689,349,344,408,458,4.7618656661275365,0.28653295128939826,0.564
4725,352,336,375,393,2.9861828512396693,1.7045454545454544,0.487
4695,348,346,398,415,0.9083102127097372,2.2988505747126435,0.534
4685,350,334,374,384,2.5306122448979584,0.5714285714285714,0.47
4714,353,346,407,444,3.4507940838944213,0.28328611898017,0.565
4735,367,337,372,398,2.3015984972789165,0.2724795640326975,0.488
4710,348,339,391,402,3.8809618179416043,1.7241379310344827,0.493
4719,356,342,428,446,2.1304128266633002,1.9662921348314606,0.536
4685,351,347,385,399,0.9740180680351621,0.5698005698005698,0.501
4720,355,338,402,410,4.205514778813727,1.4084507042253522,0.486
4690,350,340,409,417,4.244897959183674,1.1428571428571428,0.519
4685,346,341,371,383,2.171806608974573,0.5780346820809248,0.48
4710,351,346,418,425,2.1915406530791146,0.5698005698005698,0.538
4680,353,339,404,422,1.8457735797574815,0.28328611898017,0.514
4720,350,340,403,416,2.2857142857142856,0.0,0.501
4715,346,341,386,398,1.0023722810651874,0.2890173410404624,0.502
4715,352,338,377,400,1.7755681818181819,0.5681818181818182,0.489
4690,353,338,382,393,1.8457735797574815,0.0,0.493
4690,355,338,384,417,2.3011307280301527,0.5633802816901409,0.511
4670,352,341,390,418,4.116089876033058,0.8522727272727272,0.517
4704,349,337,393,416,2.2167305687145427,0.0,0.509
4684,348,339,400,439,1.4037521469150482,0.28735632183908044,0.53
4735,361,331,385,436,1.151004059207649,2.21606648199446,0.503
4684,356,339,379,395,1.4991793965408406,0.8426966292134831,0.487
4715,348,336,380,400,2.642356982428326,2.2988505747126435,0.477
4709,351,334,395,424,5.925276580547236,0.5698005698005698,0.524
4705,351,339,396,408,2.435045170087905,0.5698005698005698,0.514
4735,344,339,377,391,1.3520822065981613,0.29069767441860467,0.489
4719,348,342,387,409,2.312062359624785,0.8620689655172413,0.504
4755,352,337,379,397,2.663352272727273,2.272727272727273,0.481
4689,349,343,375,394,1.1494158504445775,1.4326647564469914,0.498
4725,348,341,385,411,0.49544193420531113,1.7241379310344827,0.501
4690,349,336,392,415,4.351360005254472,0.5730659025787965,0.52
4710,344,341,367,383,2.7886695511087076,0.0,0.478
4695,346,338,401,434,3.007116843195563,0.8670520231213872,0.522
4690,351,333,376,416,0.8116817233626351,0.8547008547008548,0.505
4689,357,342,374,385,1.7261806683457697,0.5602240896358543,0.485
4680,349,338,385,402,1.313618114793803,0.8595988538681949,0.497
4705,351,347,385,399,1.7856997913977972,0.0,0.508
4690,346,338,397,407,2.0882755855524744,1.4450867052023122,0.514
4670,358,339,366,400,1.8726007303142846,0.0,0.485
4694,351,344,380,392,3.00322237644175,0.2849002849002849,0.507
4720,355,341,384,417,1.0315413608411028,1.1267605633802817,0.521
4695,356,338,381,397,1.4991793965408406,1.1235955056179776,0.488
4710,352,342,386,402,1.856275826446281,0.0,0.508
4715,353,338,402,407,1.2840164033095522,0.28328611898017,0.508
4699,348,338,399,421,1.734046769718589,1.1494252873563218,0.486
4720,355,341,403,454,2.9359254116246776,0.0,0.557
4689,353,335,372,394,2.1667776805848695,0.56657223796034,0.497
4704,354,345,405,418,2.2343515592581955,0.5649717514124294,0.525
4714,343,343,405,421,4.674922863772748,0.0,0.509
4705,353,336,376,392,0.8827612772753173,0.56657223796034,0.487
4680,358,337,369,394,3.4331013389095224,0.27932960893854747,0.478
4675,343,339,452,468,1.869969145509099,0.2915451895043732,0.55
4694,351,339,377,398,2.597381514760432,2.849002849002849,0.495
4695,354,339,388,415,1.6757636694436466,0.5649717514124294,0.512
4714,356,337,387,398,1.1835626814796112,0.5617977528089888,0.501
4685,352,332,435,459,2.5826446280991737,2.840909090909091,0.542
4695,345,339,375,427,2.2684310018903595,2.608695652173913,0.513
4690,358,334,399,406,3.7452014606285693,0.27932960893854747,0.477
4690,361,340,366,405,3.14607776183424,0.8310249307479225,0.496
4675,350,347,414,424,4.081632653061225,0.2857142857142857,0.538
4735,355,329,417,431,2.3011307280301527,0.0,0.511
4710,349,335,391,403,3.6124498156829583,0.28653295128939826,0.492
4714,345,338,376,395,1.6803192606595254,0.2898550724637681,0.49
4720,348,340,369,413,1.8166204254194744,1.7241379310344827,0.504
4710,348,341,384,400,4.211256440745144,0.28735632183908044,0.506
4695,350,334,374,385,0.979591836734694,2.2857142857142856,0.488
4740,350,339,410,429,2.2857142857142856,2.0,0.505
4675,345,344,427,443,4.0327662255828605,1.4492753623188406,0.534
4680,346,337,396,409,4.510675264793345,0.2890173410404624,0.488
4746,348,345,384,394,2.972651605231867,3.1609195402298855,0.501
4720,351,336,412,429,1.5421952743890066,0.2849002849002849,0.543
4715,347,334,395,405,2.408457839530268,4.899135446685879,0.495
4715,353,345,369,383,1.2840164033095522,1.13314447592068,0.498
4684,349,339,378,394,2.0525283043653175,2.292263610315186,0.494
4679,348,342,392,416,2.1469150482230153,0.28735632183908044,0.51
4735,348,339,389,417,1.734046769718589,0.8620689655172413,0.519
4690,348,335,374,394,2.0643413925221297,0.5747126436781609,0.486
4755,352,342,386,409,1.2913223140495869,1.1363636363636365,0.516
4690,354,333,379,404,1.5959653994701395,0.847457627118644,0.492
4710,357,324,425,454,6.041632339210194,1.400560224089636,0.522
4685,358,341,436,464,3.8232264910583313,0.5586592178770949,0.548
4700,348,340,384,400,0.9083102127097372,0.5747126436781609,0.502
4679,351,336,433,463,1.6233634467252702,3.7037037037037033,0.528
4710,365,328,401,406,4.203415274910865,2.191780821917808,0.469
4684,352,334,360,379,1.6948605371900825,0.0,0.462
4690,350,330,394,409,2.775510204081632,0.0,0.503
4680,353,343,425,445,4.494057411583433,0.56657223796034,0.55
4680,349,332,381,402,1.2315169826191903,2.292263610315186,0.488
4689,352,328,381,397,0.8877840909090909,2.556818181818182,0.465
4739,342,338,447,459,4.360315994665025,0.5847953216374269,0.565
4709,353,332,363,381,1.1235143528958582,1.69971671388102,0.46
4700,351,332,360,389,1.5421952743890066,1.4245014245014245,0.481
4685,348,344,426,443,3.055225260932752,1.4367816091954022,0.533
4689,356,341,403,429,1.4991793965408406,0.8426966292134831,0.517
4710,348,334,462,523,3.7983881622407187,0.0,0.561
4684,347,338,400,417,2.823709191173417,0.5763688760806917,0.496
4695,348,339,378,392,1.4037521469150482,1.1494252873563218,0.495
4720,365,331,368,392,1.2009757928316755,1.643835616438356,0.465
4730,350,339,379,397,1.387755102040816,3.1428571428571432,0.495
4700,350,336,382,396,3.3469387755102047,0.0,0.491
4739,346,339,384,392,2.171806608974573,0.2890173410404624,0.497
4680,353,346,388,406,3.0495389578601864,1.9830028328611897,0.499
4714,356,342,363,398,3.4717838656735256,0.0,0.495
4715,358,330,370,404,1.7165506694547612,1.9553072625698324,0.486
4685,349,341,397,411,1.1494158504445775,0.28653295128939826,0.503
4684,351,345,401,411,1.5421952743890066,0.0,0.514
4690,353,338,399,446,2.4075307562054107,0.56657223796034,0.537
4699,347,339,381,395,0.7474524329576693,0.5763688760806917,0.498
4715,343,337,409,421,1.359977560370254,0.2915451895043732,0.505
4710,351,337,389,415,2.7597178594329588,0.2849002849002849,0.509
4684,356,332,363,378,0.7890417876530741,1.6853932584269662,0.465
4729,355,331,372,398,2.0630827216822056,4.225352112676056,0.48
4700,344,338,379,406,2.9576798269334774,0.5813953488372093,0.506
4699,351,333,385,403,1.9480361360703242,0.5698005698005698,0.476
4740,353,342,442,464,3.691547159514963,1.13314447592068,0.559
4684,346,340,374,387,1.0023722810651874,0.2890173410404624,0.483
4695,364,333,367,380,1.4340055548846757,0.27472527472527475,0.477
4690,353,337,373,406,1.444518453723246,1.13314447592068,0.476
4710,348,339,395,410,1.238604835513278,2.0114942528735633,0.506
4650,355,342,390,414,3.25332275342194,5.070422535211268,0.523
4695,354,337,443,460,7.181844297615628,0.2824858757062147,0.532
4635,350,341,393,445,1.8775510204081631,2.2857142857142856,0.494
4694,355,337,484,507,1.3489387026383655,3.6619718309859155,0.617
4715,347,335,473,497,2.408457839530268,4.034582132564841,0.578
4665,360,338,374,407,1.4660493827160492,0.2777777777777778,0.494
4689,353,343,459,481,3.7717981847218094,1.13314447592068,0.598
4720,350,338,439,450,2.0408163265306123,1.7142857142857144,0.53
4720,347,336,385,404,1.9101562175584883,1.729106628242075,0.481
4725,347,342,385,397,1.245754054929449,0.2881844380403458,0.498
4675,347,334,377,421,2.408457839530268,1.440922190201729,0.509
4710,354,333,374,384,3.670720418781321,0.5649717514124294,0.474
4690,343,337,371,379,2.2949621331248036,0.2915451895043732,0.474
4695,348,340,381,407,1.9817677368212445,0.5747126436781609,0.505
4695,346,342,375,407,1.0023722810651874,0.8670520231213872,0.501
4683,347,342,384,390,2.3254075692016376,0.0,0.494
4720,353,344,449,468,4.0928022855491974,0.56657223796034,0.572
4675,350,333,423,435,1.959183673469388,0.8571428571428572,0.517
4680,346,344,430,439,2.2553376323966723,0.2890173410404624,0.527
4710,355,340,437,456,3.3326720888712558,5.633802816901409,0.545
4710,358,339,419,432,1.7945756998845228,1.675977653631285,0.543
4705,352,339,385,407,2.421229338842975,0.2840909090909091,0.509
4710,349,335,409,447,2.13462943653993,4.584527220630372,0.529
4724,352,329,369,391,2.1791064049586777,0.2840909090909091,0.483
4710,348,340,411,421,3.7158145065398336,1.1494252873563218,0.524
4710,351,348,372,397,1.6233634467252702,0.2849002849002849,0.5
4680,356,338,382,429,1.3413710390102258,4.213483146067416,0.529
4710,343,337,372,384,1.6999719504628172,0.5830903790087464,0.482
4670,350,339,380,406,1.0612244897959184,0.8571428571428572,0.495
4690,346,335,447,460,3.5918340071502555,2.023121387283237,0.497
4709,348,343,381,419,2.724930638129211,1.1494252873563218,0.504
4720,347,340,370,395,2.242357298873008,2.881844380403458,0.489
4695,344,339,369,389,1.4365873445105461,0.5813953488372093,0.486
4680,351,339,398,409,2.272708825415378,1.4245014245014245,0.519
4700,360,340,377,413,3.0864197530864197,0.8333333333333334,0.504
4690,357,337,363,402,1.412329637737448,0.2801120448179272,0.484
4690,358,323,441,457,2.652851034611903,0.27932960893854747,0.531
4690,353,346,417,431,2.1667776805848695,0.28328611898017,0.555
4635,350,342,396,455,2.204081632653061,1.7142857142857144,0.494
4684,350,345,352,385,2.0408163265306123,2.857142857142857,0.479
4680,350,342,392,405,1.7959183673469392,0.0,0.514
4724,350,341,384,391,2.0408163265306123,0.0,0.496
4710,349,340,387,400,1.4778203791430284,1.7191977077363898,0.511
4684,357,340,375,401,1.0200158494770457,1.680672268907563,0.501
4725,343,338,369,390,1.274978962847113,2.0408163265306123,0.486
4730,351,342,377,396,1.0551862403714256,0.5698005698005698,0.505
4739,351,332,368,401,1.2175225850439526,1.7094017094017095,0.498
4680,350,346,372,389,2.122448979591837,0.2857142857142857,0.494
4699,351,346,411,431,3.327895065786804,0.5698005698005698,0.521
4705,353,335,382,405,1.2840164033095522,0.56657223796034,0.502
4706,342,338,374,385,0.8549639205225539,0.0,0.481
4690,353,337,381,399,2.2470287057917164,0.0,0.488
4699,351,338,399,406,2.1915406530791146,0.2849002849002849,0.484
